{"cameraMode":{"drawMode":0,"name":"Shaded","section":"Shading Mode"},"sceneLighting":true,"audioPlay":false,"sceneViewState":{"m_AlwaysRefresh":false,"showFog":true,"showSkybox":true,"showFlares":true,"showImageEffects":true,"showParticleSystems":true,"showVisualEffectGraphs":true,"m_FxEnabled":true},"in2DMode":false,"pivot":{"x":0.22252243757247926,"y":1.7257936000823975,"z":0.07864396274089813},"rotation":{"x":0.30412471294403078,"y":-0.213351309299469,"z":0.07008674740791321,"w":0.9257849454879761},"size":3.5989534854888918,"orthographic":true}